{"cameraMode":{"drawMode":0,"name":"Shaded","section":"Shading Mode"},"sceneLighting":false,"audioPlay":false,"sceneViewState":{"m_AlwaysRefresh":false,"showFog":true,"showSkybox":false,"showFlares":true,"showImageEffects":true,"showParticleSystems":true,"showVisualEffectGraphs":true,"m_FxEnabled":true},"in2DMode":false,"pivot":{"x":4.0234551429748539,"y":0.09999960660934448,"z":-1.7258527278900147},"rotation":{"x":0.2255154699087143,"y":0.06570366770029068,"z":-0.015245751477777958,"w":0.9719045162200928},"size":0.7420413494110107,"orthographic":true}