{"cameraMode":{"drawMode":0,"name":"Shaded","section":"Shading Mode"},"sceneLighting":true,"audioPlay":false,"sceneViewState":{"m_AlwaysRefresh":false,"showFog":true,"showSkybox":true,"showFlares":true,"showImageEffects":true,"showParticleSystems":true,"showVisualEffectGraphs":true,"m_FxEnabled":true},"in2DMode":false,"pivot":{"x":0.6722416877746582,"y":0.8266739249229431,"z":-2.0654137134552},"rotation":{"x":0.33305782079696658,"y":0.06921814382076264,"z":-0.024524305015802385,"w":0.9400469660758972},"size":1.7523235082626343,"orthographic":true}