{"cameraMode":{"drawMode":0,"name":"Shaded","section":"Shading Mode"},"sceneLighting":true,"audioPlay":false,"sceneViewState":{"m_AlwaysRefresh":false,"showFog":true,"showSkybox":true,"showFlares":true,"showImageEffects":true,"showParticleSystems":true,"showVisualEffectGraphs":true,"m_FxEnabled":true},"in2DMode":false,"pivot":{"x":0.6811063885688782,"y":-0.30154770612716677,"z":-4.286130428314209},"rotation":{"x":0.2255154699087143,"y":0.06570366770029068,"z":-0.015245751477777958,"w":0.9719045162200928},"size":7.804595947265625,"orthographic":true}